,arch_00,arch_01,arch_02,arch_03,arch_04,arch_05,arch_06,arch_07,arch_08,arch_09,arch_10,arch_11,arch_12,arch_13,arch_14,arch_15
2025-01-01,11911.364434315316,14491.976309235108,13646.357774288892,13103.659099461933,14688.048157790585,12290.333614159128,13294.413286430197,12779.323725103539,12367.358467911772,12467.0881720388,13956.470978336349,12772.71154040192,12843.19095859661,12205.948522841056,12802.036191387584,14282.643199217926
2025-01-02,12248.728923155408,13646.991649323401,13382.779362887486,12522.667887991362,14238.204173289427,12167.003574502292,13221.14085559044,12497.139108989495,11615.162376590511,12517.687516647527,14520.169056716697,12267.938146892824,12925.226850112485,12371.930052337777,12240.507188897094,14470.816254311845
2025-01-03,11496.26308219092,13935.18129391452,12890.742626315076,12468.001084926698,13857.017797478788,11492.87923530628,12999.62417169976,11489.34066249122,11931.577937037382,11811.793434523252,13359.624846420933,11745.304182996097,12520.565837199678,12105.270682133014,11712.621966336785,13135.557658716338
2025-01-04,11557.795629231157,13083.654395041069,12511.090000378392,11850.834955499113,13550.43150636702,11092.932022552071,12338.665576984804,11062.97398941038,11021.520316317017,11441.841735570091,13033.450591648489,11483.345195407846,12178.036317538117,11599.839269638429,11805.154099695515,12805.58547099457
2025-01-05,11636.793011398879,13065.319189790172,12420.432913480878,11747.517111548048,13582.89860500984,11101.188395332563,11829.92130338253,11781.29394975982,11355.145116402358,11730.925885029606,12827.50986465869,11619.847146909555,11681.634015006226,11822.630901599687,11372.583431391313,13145.24097489156
2025-01-06,11781.73406152991,14210.710855989308,12590.568391888122,12565.237240383607,13961.960723516204,11807.256040882772,12756.462368870243,12134.088420601875,11727.243958961431,11444.41156974642,13755.081468151977,11950.201982427501,12194.29567557063,11579.884317909875,12146.39938566477,13434.300662899057
2025-01-07,12117.479781455317,14433.893600007243,13194.135703392913,12693.497160155259,14403.355340447368,12003.443525912988,13156.69575902317,12360.931901191703,12121.795999188958,12967.281677186958,13975.449328310558,12682.42524870359,12806.279119569606,12773.699792875204,12493.406985391131,13678.606816983362
2025-01-08,12377.399489993812,14908.158893390839,13321.573493433987,12740.326490141337,14353.15681133421,12353.619511977186,13566.369334964771,12761.407630111942,11984.593202659256,12656.893449783536,13864.371013148491,12801.462041745554,13388.31552885626,12638.076325801507,12204.438839730763,13781.752649306583
2025-01-09,11814.82249762782,14490.955240404155,12754.421708697997,12606.457214145066,14390.15114432189,11952.373246517282,13514.781499978337,12111.930829261333,11854.294584989637,11670.041294062503,14043.613859607984,12318.391617943324,12541.386510896753,12268.828994407786,12041.451245918466,13997.195692714224
2025-01-10,11364.288638799597,13764.553102397016,12613.70446119803,12151.351302809726,13825.061233337852,11517.102552455233,12677.105763636875,11624.072044921337,11232.487832575107,11233.670222347382,13452.447902993086,12053.436952537377,12418.390399380558,11680.459059406985,11650.86367137076,13307.13133592591
2025-01-11,11110.59306101026,12647.315335594714,12156.502631613315,11549.92032285665,13229.38589660045,10719.327526472,11812.686057122864,11335.068081940419,10658.204200754704,10982.460869854405,12428.53534433492,11064.68623659813,11400.02807578766,11389.57461641573,11169.492093739904,12591.529098191919
2025-01-12,10876.783625826187,12545.475419024926,11658.785556077306,11540.576953045034,12926.518342692489,10914.137337036746,11981.744196322576,11341.422665857372,10918.203217733097,10831.79418688242,12467.19063055782,11514.66389423209,11484.448399468472,11087.941060951987,11325.644270604089,11960.566989944871
2025-01-13,11096.295951035168,13594.117227637806,11870.821514062703,12037.399627109384,13464.576387400604,10826.356173096241,12460.986408128876,11512.345858404144,11111.385982547872,11604.794361757868,12569.819227688233,11437.515184570622,11840.513684283907,11768.16285117931,11320.58173138089,12755.727960762159
2025-01-14,11823.284049804191,13674.985000517296,12593.473761077683,11831.855587941855,13591.714899019853,11615.104793255156,12672.79060171363,11684.915800598039,11135.277646123295,11720.558923433806,13210.232183229102,12067.77904696793,12461.509085038497,11948.453419130828,11694.468637673715,13025.239984586004
2025-01-15,11251.460542784034,13717.304219259064,12783.527515565023,12162.10842035564,13688.523063100669,11851.872932620174,12645.387285523304,11774.140438852271,11651.93992278578,11827.706917991123,13172.438824990273,11833.393874790865,12563.134965083198,11646.535514308225,12129.445057783447,13375.816528335983
2025-01-16,11289.53832322418,13150.01339145088,12256.627492569685,11655.834301650204,13358.283181555214,11074.469885300092,12483.594179137492,11536.748190392122,11314.350250975995,11879.771063191145,12728.039443157391,11475.508429931178,11936.44293586325,11925.704593735309,11677.222568638408,12813.098858433383
2025-01-17,10519.97424067282,12522.32881625428,11888.57199003569,11036.033323347716,12907.733102011005,11012.700430100504,11952.00514142629,11074.089967675955,10964.367736934939,11015.396602596113,12237.199051139734,10689.23622515649,11343.800464450547,11293.035187883286,10913.306620603316,12178.737627053553
2025-01-18,10456.33977467824,12266.43826380023,11255.079603037804,11116.547011357585,12923.914552593627,10229.630463906324,11535.256107047338,10644.812532830498,9926.406892856818,10149.968949929373,12240.89630935,10209.907906750077,10715.819728946242,10686.338784302,10671.29627988944,11644.40204425544
2025-01-19,9550.487945837936,12273.34917340398,11165.072700479008,10635.104341116152,11850.69998777439,10028.009753393198,11997.363168420623,10442.703657601976,10473.279850340245,10622.356946709435,11516.579335384658,10462.83765290259,10784.137622349828,10387.413793869368,10681.38229812987,11387.87649636346
2025-01-20,9838.291643844526,12141.235135986528,11140.080976826852,11049.71944366423,12701.718350834071,10175.041701972923,11207.010546403419,9969.474050434861,10688.699397251024,10794.112495332525,11883.300915831433,10964.857362835482,10896.878506119827,10797.525556086126,10728.484717326242,11710.525576596736
2025-01-21,10544.028561424147,12934.325207838372,11737.748717223394,10857.736525396538,13218.484839649747,10674.683510509656,11625.749376564701,10590.237340250998,10976.374336446554,11037.628963178076,12166.217142124193,10903.035932683437,11206.621459311456,11050.593868115786,11590.131629893269,12132.115241961877
2025-01-22,10750.95760146374,12469.45475669805,11791.936368484863,11492.002485892654,12840.171294773705,10739.174436736288,11931.795727396788,11359.36597628558,11105.570023359849,10700.1684969662,12912.39926153021,10985.733937503905,11580.362324595642,11018.931091424834,11348.596080522473,12651.143471607613
2025-01-23,10569.54104035718,12049.153433232865,11261.316099381156,11002.124814424675,12551.194734406052,10677.067098654836,11703.958205752335,10911.65071726906,10958.281575337009,11189.651928084179,12311.745556502809,11014.417420769925,11227.136172896411,11103.939801163131,11434.050661438125,11714.747650927786
2025-01-24,10118.830422643825,11672.7026810186,11301.238726931855,10891.050158453718,11117.820829420296,9699.941140433157,11097.754773735765,10576.143661164551,10297.07559795211,9828.51754203444,11744.339199604134,10645.386524236823,10619.116279107242,10361.999998490992,10476.375102355658,11834.507428352254
2025-01-25,8922.296311245256,11237.882001393182,10675.553777741516,10281.184079188173,11234.510174497042,9717.799542293762,10522.120688790374,9687.597974200879,9862.448987102847,9738.527939374775,10701.23902219827,9959.344720821646,9934.364620140748,9914.351693536033,9825.540331184553,10397.947573856833
2025-01-26,9545.898268377294,11098.261783668891,10397.042505179481,10308.067624893343,11271.511119581593,9433.606222498802,10586.174228571235,9626.971936105187,9785.741234014242,10155.864824871218,10826.03739670248,10194.145964885323,9783.193472397401,9785.090502752206,9288.54749673192,10568.143175247797
2025-01-27,9688.414973919382,11490.270305016476,10661.530837765531,10940.536890633812,11873.404643323081,10375.0957900228,11101.493133758358,10722.142136638313,10081.406446402176,10348.480899176462,11465.256941202972,10129.379855744117,10068.810215297042,10169.821376531372,10481.006138153954,11383.81257484755
2025-01-28,9995.80931566754,11681.722268435424,11097.514858555285,10931.751371888055,11815.088632781184,10148.988660993042,11495.456480709498,10462.685174406872,10566.287091380063,10358.589928914265,11732.230102686668,10342.035674974444,10892.721423275043,10162.968065664649,10609.750447810618,11273.582853811722
2025-01-29,10645.83418918721,11815.001087078193,11255.787736610688,11119.522411349963,12518.510734761625,10280.282907262705,11501.475970360272,10989.085182717921,10392.714065149115,10346.511131996785,12012.21513815814,10035.17663399032,10706.378448297002,10424.079120319368,10899.315721802419,11710.540079200911
2025-01-30,9812.721843158559,12059.071296130795,11302.624520452347,10539.659758239506,11993.786951763532,10027.086256435066,11204.427599229886,10592.399003307906,10389.1321026542,10367.89462081358,11674.561953707203,10100.823996562343,10939.588659087935,10090.222364288651,10832.02019188846,11391.576190598704
2025-01-31,9680.770120269994,11664.203174015069,10294.81371812667,10269.754577222573,10978.448764288205,9330.471691940711,10815.622476135108,9840.745098055639,9831.189658691066,9818.061153687315,11070.888573593063,9763.134546081394,10133.116790667758,10009.443673524422,9824.989878723705,11068.42521258833
2025-02-01,9535.739405984217,10635.01309651762,9721.666795893305,9935.916517886855,10953.306567301704,9433.261876122879,10150.62515052095,10188.234240880634,9096.410389170189,9150.466101742213,10832.239736505197,9270.235118006109,9415.74559112042,9926.693241751878,9857.23990098203,10407.50353642354
2025-02-02,9450.790431675625,10881.705033816388,9756.979072112503,9704.433133093202,10751.2263090356,9230.399252823094,10405.512485341653,9241.96559827992,9554.645041454982,9929.246938908973,11164.380584495288,9420.353138700673,9788.371053343057,9507.35751624576,9680.67467331757,11041.537875008295
2025-02-03,9695.214523510458,12056.493096240985,10547.477776567626,10531.138494690444,12310.644322857295,9545.089477063757,10788.650469855571,9733.773541175935,9614.645487191992,10280.850464361632,11338.115546649771,10139.424867532427,10357.53625608741,10533.889458009035,10379.732694548613,11747.880684770227
2025-02-04,10102.184508544342,12362.062948198682,11194.23538575406,10613.058017578798,12636.520066950749,10048.134790627983,11489.74696732622,11037.376770137424,10481.51272192661,10715.564161120303,11919.985125691588,11048.687319403298,11094.651483865957,10740.530779261993,10629.891363361998,11816.89962775985
2025-02-05,10584.824996440633,12798.06630728314,11529.483786253724,11272.54515228234,12946.991171316431,10828.084782098615,11828.221150635241,11170.554028812272,10325.720910658316,10940.965676605736,12495.919826320252,10547.025374482275,10938.72620104836,10766.527030530828,10748.2298106631,12133.110407768418
2025-02-06,10741.217660876924,11721.099128963962,11038.347876018672,10998.11542724979,12808.541536547611,10825.290906566717,11831.176235315772,10801.197124150742,10755.58213100507,10666.885200484436,12132.562558413252,10455.826906191644,11200.069494844949,10804.582446557875,10617.881813665195,12159.787148240292
2025-02-07,10319.025109685907,12367.034648866062,10695.60886249604,10653.311295703908,12166.375711307504,10184.134669664341,11017.123548449988,9696.535567570449,9870.162432932157,10039.958144496006,11446.921405371188,10320.859067072155,10549.092011905697,10282.693694758145,10062.707349241591,11791.821979087665
2025-02-08,9329.233208022075,11427.085511172796,10839.746007649246,10341.224620813262,11691.162751743088,10005.542731728228,10613.349277476671,10409.15772897279,10039.031814967928,10165.188649928936,11077.91932846035,9885.15253461606,11053.2285699718,9569.330290740236,9827.135997030819,11126.97514877515
2025-02-09,9822.125582731058,12224.308392470626,10744.810215561989,10910.000184928165,11448.50930394267,9800.482174570006,11101.2615579994,10469.354632535744,9963.668483061714,10056.498800789217,11171.73235786412,9844.337115388842,10685.890889522227,10160.258055085074,10241.248995072992,11319.842623626088
2025-02-10,10608.876708695016,12683.904426649444,11322.80971439695,10983.207926459381,12420.759206214692,10253.776831103609,11256.885125488048,10316.85223953228,10281.923139515196,10283.03609939154,11582.267851098175,10757.671689358844,11434.289675207694,10336.496298350074,10558.968320174985,12147.611311903684
2025-02-11,10636.987379995184,13222.076511379799,11639.549342593784,11301.984441590097,12745.23774610155,11347.488380201865,12434.136553272057,11303.608612029113,10634.011159367245,11147.952149109442,12298.211256257906,11060.382773414141,12171.216634062668,11043.8917884911,11345.665517247617,12545.30397433707
2025-02-12,10899.204624219556,13495.709244126198,11969.80382184039,11583.067182601138,12887.180757085927,11364.470309070939,12238.675174112146,11469.494865676665,10810.608795832488,11116.351468705881,12680.699792289966,11649.219403960318,11915.287446530743,11368.463645529802,11668.289093213503,13003.928552523992
2025-02-13,11205.470718674622,12971.925711006405,11535.39458311078,11818.979880624514,13113.468210910774,10595.63654910586,12269.407850459787,11545.289498160095,10637.927182701505,11412.972832218082,12854.787860185736,11043.011382860625,11811.828906863911,10998.971778362054,11536.504622357808,12488.547231876679
2025-02-14,10496.439758042878,12740.996831912471,11330.36321999058,10530.163888206487,12562.047779707309,10627.84080430783,12051.049052896191,11212.36088022571,10327.960285112244,11189.965361000099,12243.174573879187,10697.8863272062,11224.899109061791,10985.37127205272,11394.52639493719,11969.945555963415
2025-02-15,10339.74323717553,11721.86926953368,10927.902428923693,10720.18266007426,12422.237488788604,10307.83797533039,11547.268612654289,10312.736226799258,9855.749540097828,10377.655169775548,11777.027981653378,10668.735187921638,10954.20102493747,10444.045236083275,10751.580003883051,12062.274430973383
2025-02-16,10352.307946828787,12351.501140253939,11171.360018467469,10835.232950273281,12188.978157426922,10276.204802709755,11212.250288133482,10476.60364645524,10311.918875268191,10615.692841269285,11885.327022224565,10803.606148427993,11122.469326704078,10239.686869493435,10533.040781094804,11349.919625827153
2025-02-17,10496.995852208967,12814.573758611185,11015.784560104457,11324.632625106698,12541.574608952184,10665.017260931096,11595.784905806755,11115.988013938751,10563.626186770258,10847.26919184287,11812.509010518206,10675.349673796494,11557.96225723081,11095.528711870316,11413.649634667265,11814.193954413726
2025-02-18,11313.652324557674,13412.294704961476,12275.66820213082,11674.349805532056,14025.609079607915,11406.088048733165,12186.610185719166,11358.801017133277,11314.557579670118,11587.864106523275,12650.502286599038,11674.27239715749,11965.664129539948,11406.328997995119,11334.732929173922,12861.913635142517
2025-02-19,11633.081539592658,13150.632576513195,12348.81277288691,11760.5448137349,13534.630542113098,11612.138632046237,12392.474537330869,11597.617336066009,11385.008223893614,11587.742600857922,12928.82189979194,11460.383067809516,12227.655004799528,11834.14401590643,12235.848998773115,12784.642785915074
2025-02-20,11350.32681701934,13431.429550068096,12245.956990552955,11847.194117384452,13322.867823144063,11164.57742248388,12494.891192074374,11449.20064477064,10870.71953598071,11159.503095813132,12680.338988975662,11668.87603852471,11986.890073362034,11125.55614086563,11522.302276920149,12772.131037880059
2025-02-21,10843.07377001219,12911.675093518514,11955.542699805093,10994.651490020136,12423.230030141738,10882.065108019433,11902.539607150069,11204.567371022315,10711.441936059238,10917.063145032243,12553.596110695475,10865.956631941204,11667.743742766923,11000.825608293982,10814.717293262147,12715.918328214433
2025-02-22,10309.471077233778,12101.36749553208,11229.36121778855,10887.926574849267,12599.727886281707,10279.450572975318,11748.458005599969,10134.209287417298,9954.189357185374,10057.323853043561,11906.158024583308,10335.47386713605,10587.026473482825,10794.40183677438,10476.839519421927,11732.37686752778
2025-02-23,10220.883221903288,11951.599483802594,11422.394684401426,11131.606524381556,12228.373469293012,10343.016954512057,11294.656955465594,10432.5133168487,9949.254145546254,10327.82942907568,11971.726215403118,10389.441574284063,11540.491537095475,10799.239245274517,10699.497758964071,11994.444350059279
2025-02-24,10342.155205836081,12237.169106889673,11715.22971317028,10575.270666254091,12207.063937712648,10649.675164212173,11171.763451533021,10497.766926153432,10169.977642396892,10620.060217854298,12111.32371795417,11060.733940709637,11315.424697539816,11410.808867712103,11269.084061439782,12041.071132536224
2025-02-25,11085.795773408992,12963.73705105387,12230.204595541803,11453.199974069088,13276.660156824855,11088.651159221172,12265.512481408012,11234.703739058883,10827.939235332185,11154.166059367544,12662.084416887965,10594.32202838179,11535.085734170052,11342.48233319782,11422.63257423279,12799.43680390871
2025-02-26,11433.001785208333,13081.90401175079,12084.761139640483,11483.603369893955,13310.209831417562,11103.77802307382,12135.687957415606,11187.362465663844,10992.692215202724,11475.849075468912,13367.038228261934,11656.006159016524,11826.368027365212,11534.577585775734,11681.007103643948,13004.893228384772
2025-02-27,10623.866579196969,12594.336396704693,11780.8704184479,11462.843108324747,12903.447027370468,11278.77963568326,11972.68925691854,10984.883502270644,11201.98941079434,10765.699050782085,12618.20065468185,11378.553977666244,11587.795051097828,11566.360148792746,11218.211368528651,12999.453010839898
2025-02-28,10293.387174200698,12158.69886590176,11105.948060520497,10630.586570000864,12012.695685022743,10317.184495021786,11236.721174442826,10523.394058970478,10338.929028664792,10520.876761473775,11973.680768761415,10435.054817728918,10787.167288959947,10450.02155897267,10535.71509679442,11810.07953278163
2025-03-01,9500.100356843805,11768.138602010358,10453.282744045311,10337.042119001444,12182.160764201182,10082.385249855493,10972.843692440774,10253.193627037104,9859.775604989285,10471.3543807498,11901.744820989996,9662.614654424931,10348.238451971367,10149.576750562006,10281.598880789976,11053.14054745999
2025-03-02,9861.16971449471,11961.594269575868,10751.991877920276,10595.473916839246,11325.219328488733,9675.655508790383,10644.054759575465,10124.477221768133,10020.766901650517,10265.505608300851,11366.573111647327,9767.264963483227,10576.537376562737,10327.198272809901,10249.998078945842,10807.901051629065
2025-03-03,9950.156604584154,11530.723224621408,11151.635157031065,10731.450276956584,12022.788446968445,10702.195227381302,10803.386280354942,10340.291869707644,10464.929540431083,10284.794574995312,11732.003041271957,9800.242248035736,10614.30076752825,10335.63261371735,9896.311259808428,11715.622575171954
2025-03-04,10267.295335197723,11951.80384833828,11223.737738025142,10857.313456543045,12450.591702820742,10417.487644803134,12061.857268661133,10941.260116740666,10606.18698379652,10394.053404259694,12169.184562358438,10749.284454848985,10590.384872220451,10738.57145876512,10693.807300012892,12370.70429556759
2025-03-05,10326.626782883839,12069.610616883225,11119.200048488481,11066.533936177273,12234.716742144195,10595.014433360728,11314.695709663036,10558.287964292174,10448.91017268369,10589.613529283102,12082.155918874803,10580.0672630473,10452.93315207535,10826.168782763301,11197.566003522921,11907.086855742658
2025-03-06,10138.557874835515,11490.483105091189,11090.22955828651,10123.832544787854,12000.692987497596,10091.560615814258,10672.700723760967,10381.689339469687,10144.992081020959,9894.337939586409,11832.312484710148,10265.354782694045,10311.192089500955,10348.706420184586,10451.040635571335,11775.955283653668
2025-03-07,9273.016105005738,10761.305105364612,10553.940263245144,10043.86014546364,11324.081849727338,9616.511150653841,10583.740267858979,9644.560529090164,9258.18807759637,10174.918649329982,11211.095594703385,9542.479695387798,9974.74667384034,9880.292525442754,9825.13694300385,10716.07204350587
2025-03-08,8774.391926582482,10893.627658440979,9074.133427835273,9557.286237476575,10887.969977595707,8977.917307831543,9865.527833796548,9184.630805540428,8694.342951651068,9168.191211049329,9872.458844642362,8683.974966668047,9534.649241565712,9364.48147721911,9058.903834344394,10089.352986908694
2025-03-09,8530.210213926572,10084.176565545367,9797.137959677693,9307.303178261167,10635.79490990229,8936.850579821004,9384.18427478416,8975.556059743978,8653.699995455885,8851.914202033602,10366.27938858643,8402.591264489349,9195.756472474272,9445.032351498705,9058.302932092174,9100.740846885617
2025-03-10,9051.810474670416,10539.919848057567,9909.66851933402,9527.712328512534,11396.65105153064,9288.709312218465,9840.425373196096,9210.940165542095,9265.29285097039,9583.877406067782,10507.508123878739,8977.224736805265,9675.637394227895,9014.745050227126,9139.628495714784,9849.47144076918
2025-03-11,8990.074272845155,10533.475201828596,10391.016275089209,9580.957149251239,11363.003279549095,9467.141484407503,10013.464818850964,9272.785494714699,9735.317436038213,9580.689942968562,11431.003834972704,9697.981138682866,10349.19136183995,9868.352073356009,9838.879066062535,10548.298315577165
2025-03-12,9721.167336618288,11175.214798724037,10391.019864616488,9723.231199380021,11617.080483729416,9960.126783661442,10316.074105880081,9577.75924171608,9343.091807309178,9755.090353896803,10741.430564464152,10115.521562916967,10087.164935478859,9627.153514853208,10222.55139086078,10518.810019103452
2025-03-13,9259.88780869927,10995.15232340937,9793.134901874773,9447.315318697525,11109.441393413319,9272.198102233806,10152.469473015793,9977.058539269663,9239.583599022424,9507.488597440077,10963.426310138917,9435.848107517706,10508.60062060535,9384.07148670446,9448.465027637238,10140.508799534597
2025-03-14,8594.753771237647,10621.239341927114,9661.152635382376,9249.887783374581,10752.398758781886,8592.864983245172,9474.681880321948,9336.038434520031,8670.780419292456,9043.669572119485,9947.4897711354,9117.925196326516,9060.208739865591,8943.700692838811,8624.912154371332,9640.915909544261
2025-03-15,8217.846662904898,9567.392098328573,9179.923351040883,8665.005790639536,10290.745771844891,8729.172457726896,8949.948360746695,8462.228532104858,8779.316275696421,8675.785629407146,9648.076105074775,8523.358391228934,8654.99308053895,8987.775769769585,8677.903772414853,9301.881731687883
2025-03-16,8227.18306505285,9204.266176324072,8912.334911809803,8452.362356955518,9434.75571773933,8480.11812950269,9151.380075781792,8447.574727333713,8310.3677163084,8634.49488109245,9078.612520362643,8242.92546597438,9122.86698189597,8458.85924339126,8449.271601575909,8905.991753705544
2025-03-17,8346.369230764101,10610.054010809852,9416.909996659184,9029.743300742619,10253.811489366552,8571.384657015005,10013.897484902294,8530.728175690256,9172.968793115948,9248.054167035454,9583.693723867542,8609.945117596839,8801.370180921622,8963.1620427306,9200.495769602663,9450.73565759566
2025-03-18,9007.290306834959,10985.84112382596,9941.547115808999,9325.824082073395,10043.006277912149,9377.10975915183,10127.750529233957,9281.371522049945,9072.182142408137,9346.798369927466,10795.767277766985,9746.212203029603,9965.244567713216,9121.876675392448,8943.634292587556,10319.006776062986
2025-03-19,9687.073455137033,11563.089662198556,10400.359685722693,9216.089776661967,11337.298781827492,9307.819358741948,10109.98287233012,9466.600920599178,9844.780766033888,9771.95199959572,11545.749279955107,9837.654009411106,10075.997443517479,9630.856454531095,9508.340465296027,10761.927542771733
2025-03-20,8989.946143697378,11338.221210944957,9766.461883910839,9473.716845804505,11032.670043922997,8696.556478745244,10080.166809760134,9242.121704460322,9089.759420539172,9123.659503667863,10863.000600892554,8733.123382917262,9647.843400441307,9463.648244602213,8957.493201594401,10040.887226776507
2025-03-21,8788.967210440529,10495.403863853768,8789.50383155719,8989.359310845284,10609.41019038079,8956.033925326816,9333.338102669139,8723.360754814501,8666.899341462145,8950.037147832541,10155.026266819445,8311.681113687604,9324.330246173713,8752.94298295428,8707.056724746191,9667.669160620857
2025-03-22,8625.670780697072,9657.123357870682,9409.327333286974,9131.586127721563,9759.532403006959,7817.7067302659425,9599.543122099954,8313.833023957179,8245.63376079423,8937.431841291242,9795.111070848467,8591.586666616853,8650.291382249436,8825.577728841621,8645.348276969546,9428.955679050141
2025-03-23,8592.225788535534,9906.210301363773,9137.324987712416,9189.77988022044,10304.162397453558,8503.153302669922,9538.262063318109,8855.302043894704,8315.801437335893,8782.095314875181,9704.174673619082,8567.493544203835,9326.544038136819,8812.395351377572,8545.861013081194,9543.624975129896
2025-03-24,8892.622951943033,10618.949900149051,9436.812288623716,9725.083014386943,10579.769357614163,9300.490126405088,10384.415123377461,9171.285531770533,9046.693508241266,9226.66664510969,10279.627276848738,8939.315845967078,9423.628303397914,9096.075588372869,9097.160417280073,10126.429462256441
2025-03-25,9530.321788584492,11877.696479533137,10128.881459367143,9935.2259377017,11310.72580659942,9532.389948063528,10862.044675185512,9343.149742764048,9643.943022303336,10195.08333564371,11516.409164381932,9762.964798621148,10164.358311694798,9719.970292870346,10011.094554818115,10925.67496953286
2025-03-26,9745.918156246451,11663.35342527983,10335.757060780652,10511.572587766952,11910.323181040163,9688.95697977607,10859.148908250665,9872.845829573898,9923.201282887992,9747.660849373216,11756.496803039705,9597.410877881026,10349.24518541281,9965.84783755472,10319.568780252934,11824.797703862485
2025-03-27,9825.489100114637,10657.245124493747,10270.817070467825,10093.634211889801,11329.008353870455,9827.179505013359,11038.564028689589,10041.860215647668,9485.519659179525,9710.75997239578,10931.612430498475,9905.485963572331,9933.3991769793,9903.882474825703,10051.989922144983,11238.672490101635
2025-03-28,8889.184792450571,10671.982964341822,9674.715579148493,9532.268007222605,10945.434661865022,9238.477682075718,10118.291510650766,9768.083339334818,9564.222898729395,9603.208800777818,10760.406232666972,8987.599610868641,9943.119460027377,10035.428027091937,9674.421854952712,10670.34918304386
2025-03-29,8716.304260368377,10645.717830325375,9848.518986061024,8822.892567911462,10973.047267056401,8875.766471191384,10039.578214788331,9242.888892784646,9425.043918509158,9032.418217913257,10633.467317388917,9176.482087541148,9649.929561894001,9532.653429885953,9396.937362828234,10690.336854955016
2025-03-30,9507.231617138357,10924.189232816261,9818.869845328392,9412.527723073306,10605.663897790475,9079.082083355133,10037.838057313518,9411.92390624879,8834.232642994582,8858.036087417426,10150.004465019043,9509.259677081096,9899.180660433505,9321.730681515635,9309.929590533578,10020.640158960725
2025-03-31,9384.865265544491,11499.83263381452,10418.964898136366,10133.830284150621,10846.712671822661,9667.454749114348,10924.048275260717,9540.976641015375,9615.453717304463,9464.04775175435,11343.852701439533,9752.144677490101,10242.531478074565,9894.582453342402,9832.688260991768,10792.984185829897
2025-04-01,10106.508354500378,11923.38381459734,11219.403154609716,10802.17854117044,12780.10144115037,9609.251635993107,11229.916568746197,10590.907975151102,10496.53027840675,10245.245633740375,11381.516654159794,10292.879842374348,11194.39766529608,10644.457420460407,10132.311320199435,11308.770965203264
2025-04-02,10279.314252488823,12209.28231047755,10766.392700911108,10810.63099727836,12369.47804417861,10078.819802982845,11382.304355249307,10603.164447593983,10060.756267051274,10594.763814995706,11994.520994087263,10573.611015050885,10699.729732958958,11328.455791829829,11152.768828580167,12119.776195464587
2025-04-03,10046.405899447342,11799.432019860255,10964.518482775411,10540.167516517946,11913.272259019237,10754.155087248128,11573.498500457912,10515.177536859572,10172.045398654709,10294.287194829845,11778.460266245213,10243.03427826012,10476.038431089688,10377.078355609705,10428.691015826413,11815.95189574572
2025-04-04,9718.834584007005,11283.251747130858,10178.15973467822,10114.90794713192,11436.648866726202,9550.376047545056,10700.664955419483,10194.351324080295,9622.189320684492,9837.4181203885,11352.317544808,9640.443727409558,10345.082892370716,10440.408627050689,9896.025706714507,10936.45127235117
2025-04-05,9344.023611123717,10787.217073245463,10121.373446508069,9731.240065011718,11196.50094167931,9498.63153875009,10429.54362122069,9954.942685167,9544.838198450885,9632.921295698607,10433.013102578137,9415.861383235395,9819.331947481214,9632.77536645732,9694.736010967332,10347.74384875456
2025-04-06,9870.63404515595,11231.887283127648,10290.595819731825,9643.828563840154,11108.546066460134,9307.598324807605,10618.035108931623,9899.6723303273,9294.417954587414,9553.569114338592,11076.49551131981,9830.462640569569,9745.443431098656,9779.184509035296,9542.688486398272,10219.862124483343
2025-04-07,9774.289569061943,11829.066005550187,10622.555108616198,10547.712111592346,11310.976801392275,9817.662837893226,10852.461840789809,10118.340698472348,9868.09374091497,10208.231933416402,11679.405518695337,9844.331870657841,10354.316711944042,10286.46429611991,10364.766704708953,11304.283100192486
2025-04-08,10399.247964317974,11828.900957448048,11233.361205713454,10875.821595042456,12587.183291764472,10119.722318914974,11473.502388859271,10680.56854422746,10265.363889291451,10500.50650935036,12039.876263648575,10313.358861492707,11394.299060456668,10637.655111018326,10878.099529725529,11509.90407713533
2025-04-09,10492.218988051658,12273.117025964328,10909.071550369234,11109.172199648488,12347.704260953664,10264.768143531383,11374.822241914817,10611.450774059036,10484.021638838678,10949.842550874422,12260.90151815908,11073.442880753175,11360.123454498842,11289.587415633418,10805.245226612291,12107.738631061377
2025-04-10,10080.153806126174,11841.137910382202,10849.961240337172,10434.569962101255,12226.738231992207,10147.093745712284,11208.037529686468,10449.162257913858,10546.787170760022,10178.720684337755,11711.306552643979,10715.723480615368,10988.662820170734,10488.616363915751,10672.960524590211,12407.753311625609
2025-04-11,10123.911289698597,11104.478899413296,10829.173413696353,10015.823373037563,11447.81203822892,9972.355534249,10633.834471425993,10177.815024790696,9902.168561167415,9760.422704512508,11645.568622307817,9974.617331716072,10097.725666720171,10329.326549083595,10231.348814623227,11164.236622727663
2025-04-12,9375.280578491936,11226.974587187728,9981.874417515666,9684.557807400666,11584.985518152907,9240.615643282812,10084.31750587723,9399.71016050078,8942.873115241777,9045.585625135362,11027.446279093288,8952.006115697402,10104.757564232314,9819.26373490509,10110.843923585227,10943.031222457786
2025-04-13,9195.321021080113,10961.0641955019,10535.954333233616,9501.922443222322,11126.421840768882,9166.25888353935,10367.515717314804,9529.672156226286,9713.448362756722,9181.217681811453,10602.159454422455,9377.680142617124,10290.532562003094,10136.651559735947,10093.630826340155,10215.667215520205
2025-04-14,9779.795579178068,11133.931669814017,10104.871235832154,9877.744920023355,10991.18875918146,9528.84203854267,10404.27535893857,9487.236469020878,9089.1045396326,9518.26965225108,11018.501739724828,9778.811117971602,9821.099985468007,9674.304328765591,10068.252647651203,10710.0182915462
2025-04-15,9685.390331217954,11308.46606254705,10958.614259196484,10311.601211866791,11620.279985519772,10087.2760921921,11213.888633942906,10092.67259725067,9635.144683018361,9577.748713262643,11816.898926150772,10103.03634684311,10668.905057373231,10582.475480048586,10554.284469498054,11382.512486747524
2025-04-16,10171.93530728326,11962.221797479076,10617.671217394822,10491.886553742754,12139.302281300772,10047.240116991397,11014.587976684534,10382.236178516096,10229.50192824022,10341.30649437813,11661.862796430441,10023.855633069668,10402.838603749284,10176.713275492864,10654.51807640124,11043.854349911922
2025-04-17,9512.820203364652,11034.209833321338,10462.711769564059,10301.838203240277,11493.6995038378,9400.266209073352,10466.578747569101,10108.075164825432,10030.272691964763,10019.50699301151,11129.892107778956,9869.756933867917,10490.909461497993,10199.907506073674,10015.715882793353,11170.545903991733
2025-04-18,9187.682093781981,11038.603161602321,9924.118501529025,9852.021719742072,10970.255648790193,9314.512498075354,10156.611166345085,9714.973816893158,9002.883087783566,9473.64270239935,10452.803100588624,9402.399186022842,9729.297202303518,9351.366148285008,9554.589231788952,10427.125895541936
2025-04-19,8238.511761667593,9684.812809193303,9466.786785252547,9162.101760009526,10543.986131196136,8731.89162260765,9892.701451371286,8853.387388969077,8693.298169964735,8985.972841283716,10217.279385102396,8887.76607733325,9422.146242325065,8884.005599698059,8834.90779600766,9598.825328659794
2025-04-20,8647.824793625048,10255.210867036973,8972.626523319243,8705.482562712781,10357.291733596045,8770.004436538591,9698.472866492873,8754.113162685779,9012.577059688749,8790.221311826328,9822.078896518797,8790.197451606817,9036.780155693565,8751.567057220236,9305.443381254614,9151.088159444587
2025-04-21,8701.06222318626,10306.789580949617,9030.026502123663,9183.920753759856,10392.319014110499,8870.804969943698,9620.21903579294,9050.553973115939,8853.107102291495,9184.064057478567,10403.579996098135,8909.871321935208,9496.524456253057,8860.560267528146,8857.230413989042,10072.92523542844
2025-04-22,9137.533101774217,10518.817132784443,9727.912639630982,8908.3771720634,10825.84591873683,9022.333625099762,9865.151079120433,9676.002570674855,8778.711528134829,9216.85528625951,10730.606075044956,9260.539482094842,9847.056262129041,9465.026122029909,9509.88696550096,10128.336928196077
2025-04-23,9413.269743591567,11364.31905306596,10028.153773335627,9574.244137680733,11085.504275712765,9568.924770922134,10285.312971028983,9704.30991503776,9142.900423864123,9355.448516729195,11035.423507958663,9540.657293143197,9542.929280201863,9333.982075143087,9528.731647508188,10447.589958802779
2025-04-24,8711.934610611073,10770.512520790659,9495.320620744442,9430.518825226885,10705.599276838188,8761.047157984463,9734.597233684,9197.082503581294,8796.36509742584,9018.990212173185,10222.292633561481,8712.867671964996,9589.651827476664,9235.020105234056,9453.998637220875,9848.344949051268
2025-04-25,8501.159150717609,9370.36833227869,9012.227192471944,8899.436504983825,10430.84656387215,8377.978118455188,9354.164933752154,8500.224594297746,8640.846940612308,8655.866594193334,9858.35858827737,8235.059404707848,8952.687560832,8253.15017666262,8544.316480085417,8985.351121813246
2025-04-26,7831.714387869742,8910.319733435002,8082.695885081214,8290.399211296119,9194.046227219622,8128.388683956207,8427.113836698158,8075.858898953858,7797.8108829694465,8060.3964261988085,9478.179753714881,7752.397926237959,8419.105980576192,7929.884637543425,8422.955262627482,8492.49086955687
2025-04-27,7299.31899155633,8991.649802139158,8227.732972555541,8227.441325909997,9595.4462078652,7883.726080161302,9292.73489309626,8078.066342489296,7898.654063489081,7960.758283623049,8969.218805149369,7648.223831985692,8031.541238676747,7795.463823346532,7580.937972900165,8437.687237374188
2025-04-28,7895.353503899498,9288.692820283239,8925.136988121198,8568.50268220132,9870.869749010608,8280.446919262164,8608.511144247324,8399.394713637628,8259.944767045341,8562.683689236526,9119.276537648695,8288.286603805926,8929.57737751818,7924.686439314608,8095.799183454908,9559.400820786705
2025-04-29,8293.42666420602,10058.64102798196,9009.15588516669,9184.675179307407,10484.567079513356,8854.577697319563,9620.406042450173,8575.798974692383,8610.430806994598,9135.675806406525,9948.207305444495,8508.17808132705,9161.499880211773,9121.515478423697,8963.907666004532,9691.919434548316
2025-04-30,8288.602575497833,10402.500884818217,8960.427800110092,9328.078570567473,10261.789437501473,9005.313266073146,9908.268195313862,8987.276080753361,9220.861043827193,9126.759648643498,10576.8022214421,8835.242566046449,9589.63354517227,8706.465974993114,9245.664051860005,9495.512044248975
2025-05-01,8345.967612023862,10250.574754413856,9379.123514644894,9108.100605854466,9902.33130561377,8564.049403250785,9535.432557222757,8798.905129812867,8807.97435232018,9143.335018095546,10143.52696560136,8472.431064778371,9265.611314519152,9312.296371919354,9054.094708085819,9626.170865304352
2025-05-02,7988.138090126823,9970.118203943599,8930.024601516257,8878.236417052569,9686.928067543202,8094.993454022089,8624.633812210974,8488.70334759621,8161.695767463478,8605.28333733206,9172.548030924669,8663.13113160512,8825.645989382105,7949.575399414577,8154.743166957874,8799.537718979369
2025-05-03,7930.762718349904,8676.789093128999,8676.283944340199,8440.68706782074,9224.020858721717,7445.9642803693805,8647.632222009348,8129.619966185996,7846.7416566750835,7509.505439442541,9079.248295905787,7815.2820582072845,7814.662233445392,7907.487889391413,8124.167998536846,8488.127770485748
2025-05-04,7701.627601270147,8529.886576001347,8329.135964169609,8185.645894633894,9203.475566195699,7681.9955614983855,8320.495441666468,7912.351557914516,8438.899825588358,7940.111860471683,9460.469364043056,7813.105770620901,7726.203082042349,7956.530239257524,8072.863717508415,8593.180463932698
2025-05-05,7834.357916596941,9720.224736667373,8798.785453192464,8486.28411123213,9794.273924631578,8016.6920421618015,8826.867377096369,8868.881018445747,8273.84892111265,8660.6410089841,9785.768777429357,8371.042766387181,8568.519080433727,8502.166661769228,8443.554645325423,8851.093980405934
2025-05-06,8865.947350625062,10182.270844616056,8912.477898201838,9203.207860807874,10950.223073173847,8593.454287887167,9453.452123704485,8797.038801857734,8867.123283679797,8817.85912831772,10424.338721779339,8900.825953951124,9308.347961503829,8853.605687259482,8665.506441688016,9700.364160960178
2025-05-07,8825.737564767964,10568.08162864656,10055.610550966792,9121.084814529037,10672.564738549527,8897.505217430667,9914.992947580695,9017.061197913481,9418.726495388528,8964.120337228556,10480.9337950609,8964.977601742623,9611.739458809987,9162.067170488082,9351.25699051705,9991.399621104627
2025-05-08,8854.645492196847,10078.956105709984,9549.4538867904,9082.456805356846,10323.797885796374,8647.867786733457,9421.286650119157,9436.62588053678,8674.184861615851,8815.009865001357,10457.370364150369,9172.47920863718,9489.562507436309,8964.390606667659,9560.156152076479,9954.644246397595
2025-05-09,8486.725240133615,9535.137730247328,8981.722395626006,8630.15323957141,10411.008769032782,8501.125182528644,8647.292301277876,8556.495758688134,8164.158225345742,9083.143215146101,10010.814834851692,8211.807177994406,9052.0118405788,8523.040103074523,8353.845938745704,9335.42766017838
2025-05-10,8225.532842910276,9171.290177532137,8726.458694570307,8355.798545523294,9725.786158766445,8207.157018325745,8758.083240051206,8290.8058642126,8611.921143493404,8091.869787442959,9658.51936495932,8066.766362081834,8591.404148890428,7886.20317337522,8665.015827622452,9037.383171353684
2025-05-11,8200.207377333114,9547.102325553069,8618.813611207479,8235.598305969168,9593.341398563585,8173.876597320945,8649.764376785955,8704.226878806901,8776.799818564481,8136.397612904531,9786.598192875439,8362.657867129936,8819.912286528412,8387.855972989555,8715.860020121607,9272.686523424174
2025-05-12,8734.634161268774,9914.80563565652,9254.655531144525,8963.84345397921,10063.651783812013,8287.800376234996,9607.64171049648,9308.733428647627,8816.448063589225,9157.678450065181,10295.990860028713,8746.128509034981,9133.48777868435,8602.597335303324,8817.5169529813,9690.065322357339
2025-05-13,8842.976393484572,10489.200549058425,10211.112780468784,9202.202595862322,10870.57626157003,9178.315298060734,10239.646979597126,9441.6665978936,9265.485014384149,9316.438086016384,10649.500739092622,9461.104026582354,9897.729549388918,9495.449111211045,9103.54154512571,10108.016432539269
2025-05-14,9638.744866226305,11440.605697091501,9967.882632901881,10210.859671673004,11269.948224277743,9697.155047504533,10122.355133459,10344.365585617275,9320.404149768128,9426.595644669591,11289.36479811225,9948.042919409583,10501.91650750739,9249.320314632896,9624.197006787246,10846.601160002878
2025-05-15,9143.242756865218,11183.564833473294,9756.647954545855,9415.335012218857,11078.688799113903,9108.708628058992,9838.614953976929,10007.38255891986,9829.096872507012,9770.949699570578,11487.546400605512,9522.056348624465,10429.7351251531,9888.845822413472,9765.50610839144,11018.66272530279
2025-05-16,9125.667916054186,10734.902815947056,9349.597830272985,9234.204438653822,10717.15194562914,9268.787260904897,10070.716880178566,9192.77711820683,9392.079744902716,9493.402544494173,10544.147854981273,9335.765607991829,9383.666913414258,9361.839122941692,9538.488028862028,10258.220645731792
2025-05-17,8862.216451888491,10412.722546164621,9416.581529007735,9195.038319746103,10647.260730946518,8950.113318996337,10015.475203364807,9085.899578339162,8884.467359479328,8993.175335664602,10680.081691019033,8601.327607587098,8949.721828664024,9460.413056886147,9205.49848290475,10511.623426044534
2025-05-18,9143.004148396398,10569.203297176775,9388.749983762136,8784.99080179856,10586.518303399045,8688.162079514696,9925.495491620932,9079.848172453372,8572.775629910842,9077.909487357883,10016.92957109544,8916.316148312162,9215.120658510268,9268.902013901692,9077.09747956374,9994.195486150478
2025-05-19,9450.779347659794,11115.29824920415,10157.4537175503,9314.520072311414,10739.56919207044,9780.807921231115,10207.480649855883,9682.996275709147,9339.487847512879,8979.919634577845,10796.900962460391,8807.752358737616,10075.755889535181,9829.635681809585,9685.229474116843,11187.502207987558
2025-05-20,9994.486688621884,11921.407402982284,10113.74401329737,10122.315835872349,11583.433764293904,10050.705533310123,10907.38095331819,10344.679030261368,9806.333421081714,9570.393532519223,11798.522986684095,9801.88794559974,10549.589825049472,10592.850072203897,10539.245114453226,11447.64720505396
2025-05-21,10073.361275863115,11946.497151641664,10641.630216568312,10184.72624742847,12281.478962645455,10151.735788616723,10968.465360693097,10126.297716399526,10064.521399239635,10465.10275007345,11375.871352101918,10191.14014991019,10539.423144586353,10523.677803022221,10508.452167684249,11165.808519715953
2025-05-22,9859.114712990166,11217.57655438381,10723.192384568983,9632.870774437059,11617.08059710125,10286.51579066452,11043.971754268367,9881.216708801447,10159.645258661041,10044.624877105967,11216.191210081257,9821.782003984568,9977.006773660549,9814.003685542362,10298.98076516349,11438.16969903238
2025-05-23,9520.562447382805,10615.50299327974,10093.643876603299,9729.076552980992,11365.206129049246,9244.525405991262,10053.123717111226,9905.12289889228,9514.436552861513,9376.539297284582,10728.198589506066,9181.762242787747,9722.32307394551,9711.76187839638,9429.958274332508,10690.095371394862
2025-05-24,8975.542004929233,10524.309893228497,9430.116425627279,9272.946472998825,10851.725874114645,9095.026379620196,9903.972101556386,8809.484924151633,8917.95767961786,9298.946122861218,10107.253319916172,8902.288656142744,9644.45585453771,9075.270689138688,9626.840827104144,10054.23911725539
2025-05-25,9154.237225725692,10365.072573021198,9588.991075130143,9427.145021219105,10676.810181520714,8980.428856763376,10278.24855558519,8976.90128624202,9082.196892413713,9037.084140356017,10588.461037262228,9134.0698278544,9404.417331734163,9147.220454522569,9551.163540619305,10244.156753049137
2025-05-26,9247.975051432026,11118.865801836284,9884.826631339378,10055.087588573453,10987.24406240825,9448.89011330522,9814.765052623286,9686.94781873513,9505.12233498187,9391.314866496226,10801.722315945735,9315.833714784512,10157.064237016231,9418.48620618676,9894.723012902507,11064.542418007974
2025-05-27,9755.572333876273,11192.059829220301,10438.66119643729,9969.085780676669,11957.456106029447,9613.026950020752,10770.145132903222,9948.306807620156,9447.796201595558,9724.579185803364,11690.738780314541,10371.837607306152,10410.776066015665,10248.30962699882,10681.225123421335,11677.748269768219
2025-05-28,10214.563611143618,11499.812657101813,10478.863841826791,10182.401783447554,11934.460791882759,10282.165165121549,11044.669479817447,10671.607597336912,10021.28188806418,10119.310739227843,11566.052830542825,10275.10963432635,10314.409285219119,10606.097348015985,10305.12253056211,11458.476013249036
2025-05-29,9513.255027056595,11465.844555293954,10515.4653491689,10195.406148979795,11843.031030416862,9625.65463470589,10827.310478729023,9923.241194717673,9417.965917976284,9921.887646140336,10863.436474168984,9615.75506318059,10206.87010636728,9777.649031118246,10092.682400419508,11152.52214341332
2025-05-30,9096.980961383671,10520.370401373166,9213.703847792129,9247.724741446082,10842.283657749864,9168.310582924578,10036.90705593117,9024.528664106947,9201.310402789388,9514.289288577309,10669.325379432768,9265.66445757087,9540.434113131412,9586.236535170121,9522.633317971522,10278.59892375951
2025-05-31,8824.830435055046,10306.249192838275,9262.171699431963,8868.283983581468,10766.1563920064,9000.694921366752,9845.839366924989,8782.088754261542,8763.300633611307,8432.856613726988,10084.006281076408,8595.004218016968,8712.04206458525,9311.39626001467,8897.294333675889,9447.86022526042
2025-06-01,9119.630556863644,10076.500504671252,9361.143372981795,9065.671253515586,10720.074607053297,8860.933352891881,9555.929483074546,8981.178946572058,8460.037983294085,9134.30514977537,10204.916101967641,8742.223625478486,9120.652630996461,8850.828451958518,9025.340617209577,9353.305497724947
2025-06-02,8912.8395992406,10826.49985982204,9913.694349210082,9124.018993989645,10600.592968908471,8858.735276889254,9786.42019583348,9205.239943069586,8650.739541748299,9326.618742256129,10209.35901903501,8977.842165006923,9298.564065132015,9456.86139972779,9651.72141211743,10150.813746382888
2025-06-03,9577.53624638386,10949.712550747687,10805.180039990564,9414.214060940118,10827.400763514715,9453.703373697568,10055.603412368804,9765.363540322998,9669.947971041083,9686.383296988713,10939.107359464304,9395.373125153232,10488.172915024199,9749.971031675339,9610.64790804517,10877.781256452658
2025-06-04,9177.19072783546,11354.092618980492,9963.978383097183,9705.860087638028,11026.357941039836,9313.13982316314,10639.721479997133,9625.789398263785,9910.537217134019,9891.179740215077,11131.979866803913,9707.563256208,10250.16963363474,10035.072749961626,9571.975656367807,10929.262050224146
2025-06-05,9273.521791788526,10938.60656989818,9783.494235852271,9411.537300952834,10921.904930126495,9166.282905162956,10212.59978107865,9285.602994338053,8962.680902015265,9048.013715957011,10575.732169438654,9387.172064407896,9420.391239855462,9414.134254733852,9858.585009426817,10430.172402894901
2025-06-06,8517.47200192556,9769.496061472437,9230.755777709734,8771.677145556823,10636.999814049608,8394.66237153115,9196.941573269254,8609.80620121735,8768.691015629614,8339.672507094807,9621.82212007876,8478.49579055389,9368.118525848196,9053.401355958302,8778.280194201541,10032.713377394533
2025-06-07,7988.862233639107,9148.700560225245,8704.338000128437,8353.994446994717,9488.493772770094,8553.30921487647,8743.395564072263,8467.853786351185,8074.63086579458,8339.190620532321,9350.567572260143,7944.340302507274,8511.972183864531,8302.216250683863,7996.814686168445,9429.67755684978
2025-06-08,7600.087843808706,9477.176386512214,8184.792375830681,8309.08380107056,9848.290170298353,8196.01240978625,8610.313237635566,8270.264117296943,8279.694532440402,8270.942569057115,9754.770282254374,7595.676880684634,8681.168560387414,8320.892188162714,8076.030741466018,8844.06163693778
2025-06-09,8613.486451526533,9420.235743883632,8976.419789486798,8890.034108126436,9874.418700522625,8693.771467449522,8754.932784546672,8580.207342025444,8147.255420422871,8714.84655959726,9450.485258305616,8464.322122295232,8881.289328985486,8734.438322349237,8390.661266584426,9066.22482125407
2025-06-10,8579.573885383299,10542.44775091852,9653.9736160326,8691.036302178518,10092.670237090306,8810.598658939718,9179.847866110103,8768.467162282592,8695.398062259606,9066.0125984919,10315.17553046075,8824.908928120505,9461.714609465622,8213.533564806658,9114.719294343993,9718.497556184246
2025-06-11,8823.61421199839,10102.022633566037,9111.68186066115,8665.389239463535,10288.57571739332,9045.428623814032,9368.304735960644,8663.087331884932,8876.988519241875,9069.813307218377,9985.170638969605,9330.295903313583,9451.43673682921,8655.833602574166,8799.852156280484,9689.80157449998
2025-06-12,8030.554765932352,9908.140205519287,8897.10133787155,8372.06913962428,9813.668348448628,8530.310995816177,9086.556092212011,8206.734152956004,8397.96866699645,8752.34742320592,9815.895187850037,8371.677972169018,9216.46213532953,8748.992763889231,8907.598234319943,9325.572755634576
2025-06-13,7724.189263323249,9061.711023911392,8541.978175211838,7626.960370811865,9936.9351992382,7751.209210783232,8329.19172023029,8076.481783884055,7961.841375166712,7883.455187980904,9231.266265545055,8192.252018033956,8156.545951583781,7860.357544453279,8107.505177527928,9003.650426949209
2025-06-14,7123.319002457228,8617.561634690115,7734.335088146495,7422.392859651974,8825.059270175669,7515.877255339596,7844.73951167629,7301.398156047171,7593.580082506624,7626.081234925853,8694.79025260069,7773.178568428641,7540.421184900103,7422.228799978404,7520.588064109251,7657.038551676239
2025-06-15,7287.0426597776695,8671.45681334644,7981.374189565188,7620.9292478559455,9099.862310973884,7350.736930675772,7698.3767909640055,7649.077477315747,7024.659949095789,7414.09783319811,8810.693414274181,7194.974585378457,7498.90200728613,7277.012664519514,7654.568829536603,7829.440634325565
2025-06-16,7270.074214766448,9389.527206775228,7794.27647232272,7611.370293477846,9495.373701604814,7694.631372153024,8171.099246002329,7449.2103341247575,7572.488891109937,7470.300809635976,9043.608143236504,7453.440250623774,7919.213572740646,7260.690871777476,7841.855122585742,8249.226391278158
2025-06-17,7930.240620865417,9807.462865676134,8677.526649720017,7627.190075827239,9858.380671550432,8013.297348942241,8697.188875861584,8040.539124535498,8450.795934534626,8025.058208423053,9464.097694664952,7975.02947423026,8188.925990912335,7987.949776343279,8353.12016617157,8928.625139059312
2025-06-18,8364.011108505447,9108.767447618617,8516.79473792803,8221.374232736707,9952.079975198794,8201.568321143315,8595.187631230658,8723.973888981422,8393.511072043648,8551.962887305874,10004.961807495165,8151.003921566634,8978.059202485301,8523.961504308932,8520.563511385673,8781.381432899283
2025-06-19,7820.067339156806,9627.126099143818,8448.764221562918,8332.789418073842,9871.292362681013,8180.663443469048,8877.926088513113,8130.1441413362145,8260.742801333407,8161.203179226722,9654.648206328397,7923.161920980608,8578.283542552115,8547.999575012502,8172.491929590414,9128.072732652903
2025-06-20,6923.631902478255,8321.015125496298,8014.714210038776,7576.562675337188,9135.958235208178,7224.564106094799,8013.351201710439,7658.047953202547,7767.00430945668,7581.6350869495855,9535.124700554243,7351.707714352269,7652.062610750614,7625.692146585846,7606.741729141005,8174.6991329964685
2025-06-21,7070.877051267859,8071.572581487708,7397.59195520949,7563.543204983962,8912.105042049277,7112.4736400556,7436.524699173405,7403.707113287895,7034.202863195048,7561.96643935198,8107.198217084629,7173.4368111238955,7677.047528718674,7228.722520772369,7376.863916373275,7736.606482440694
2025-06-22,7195.202164368993,8622.902309066947,7879.578909959481,7413.835075105266,8627.506277986333,6983.71286077668,7768.9705436436325,7239.384290613068,7501.044489094896,7600.722948281412,8769.088841351664,7371.862695561638,7786.536417227822,7348.5756720219315,7473.198862783217,7929.265231792545
2025-06-23,7385.348278344137,8850.299975938573,8072.422167670704,7669.71479697301,9067.319264248648,7657.65793903515,8337.95031279368,8007.611091224706,8159.030142721518,7869.768387271616,8612.992685171004,7510.5310123976615,8202.948072615864,7936.502299308372,8118.970985615989,8234.815072087089
2025-06-24,8353.13345126701,9437.03431079933,8974.34527533911,8941.731211639457,10101.87354706862,8062.693859667782,9063.760092676912,8925.117022429018,8816.272939699855,8198.026608716946,9542.496978833837,8289.37481787826,8664.30445400849,8229.320194546919,8549.736509490847,9906.218669251099
2025-06-25,8557.491463700553,9915.772277120019,9499.690788230178,8609.015024603208,10088.176788086732,8640.725142880518,9356.326776880242,8719.43024276573,8880.56028465609,9514.482880825819,10636.35444764106,8404.124218336217,9028.38543295028,8877.502974616677,8812.724642330684,9329.406353403365
2025-06-26,8698.311871171729,9508.754252551245,8907.00500839987,8435.146577458689,9894.520845863834,8599.897704485673,9264.3350597606,9009.389539344182,8648.463006990243,8600.325808115174,9623.558667707306,8517.572036966796,8691.215339732093,8650.201588986005,8460.048664352647,9177.500571081586
2025-06-27,8418.246364624769,10057.386708856102,8397.457445621345,8275.843546805083,9309.32138259634,8071.905507739745,9217.777137991046,8276.897134469502,8434.614053241281,8169.741470989324,9462.455723855875,8088.29403831038,8125.56805243374,8041.502750873863,9090.144777094647,8761.707517722163
2025-06-28,8140.828131565256,9359.836285982108,8163.422370499496,7903.71026247387,9309.606552594638,7882.167881539536,8715.99584537831,8642.008221129856,7578.182813539181,8021.411931153896,9529.682429828437,8087.739352985104,8538.330848898391,8169.662464955319,8721.979722605607,8396.361363523358
2025-06-29,7863.96152709453,8930.620869970362,8710.172043941626,8567.375339973612,9524.13062979872,8371.750408426446,8761.072342179003,8584.927550958511,7982.66138814478,8099.416188967164,9616.018261605794,8030.594908116323,8611.865852632181,8438.070822890186,8199.063472389926,8684.054202333158
